Use MedicalInfoSystem
Go

INSERT INTO Doctor (DrID, DName, DPhone) VALUES
('D1', 'Dr. John Smith', 0x00551C221C05A54E9A2263C2AFCA1C7402000000840D089C26F7EBB3C0C9DB5B779357EC180746EA5A931E54FCBA0F9C7EBF2AC03D91808C38D52A472C95CC9B53B9CFC1),
('D2', 'Dr. Emily Brown', 0x00551C221C05A54E9A2263C2AFCA1C74020000003C8CF38D032055A2A44EF07DB0D6D3FF9ED216D569EB495170B1945BD22389F37A5A95EDC791D1CF1A6C0D3EEF6A6D1A),
('D3', 'Dr. Michael Davis', 0x00551C221C05A54E9A2263C2AFCA1C7402000000DC39B887AA585CEE9677F9EC54CBD4C45CEA9343CFD3E1307B0DC8770FFB724E42C4150E57FE79CFDE85EFA9BC6B86CC),
('D4', 'Dr. Sarah Wilson', 0x00551C221C05A54E9A2263C2AFCA1C7402000000445AA9E7A4E6BE9D7FD3CC092A3D9BFBAC5C46B449442472FE3DE0093ECC0F41FCC91ACCCB9044E7E9F5F3520E71A9AD),
('D5', 'Dr. David Martinez', 0x00551C221C05A54E9A2263C2AFCA1C74020000007D0CB96B6E368CE6E2180C0082909BDC7CA3792A3453B57BAA962D9F5E043CFE4105F079684A2F6B48266B39AEA68BC7),
('D6', 'Dr. Laura Thompson', 0x00551C221C05A54E9A2263C2AFCA1C74020000004A0500EEB6C9D243262AE5D3E85A6324DE0D0B48894D01937270F938540D8E2ADFCD08BFCECF88AD54599B08B9D922F6),
('D7', 'Dr. James Garcia', 0x00551C221C05A54E9A2263C2AFCA1C7402000000299EE99EE797D04BE1FECC6B895E9D65266655E225F39A41005D50BB872790F9DF8FBB2FFDEEB3C19D3AD7CFFC856649),
('D8', 'Dr. Jessica Lee', 0x00551C221C05A54E9A2263C2AFCA1C7402000000DECC9D47270C897F3A01D3B22B2A81B72F071DACF9A0E1AE5F0B550A281A8DBA5703445E67F29BDCD7898AA0DC315A70);


INSERT INTO Patient (PID, PName, PPhone, PaymentCardNo) VALUES
('P1', 'Alice Johnson', '321-654-9870', 0x8E2FBFDF7FD05E73AFED13E76D66ECC550CB8A270ACBF619FC7EBD43590199A43804D8A31C28EEFFC81B3570D9B66432AFFC27DA4DB88670C6C25361F087DC0832A5962C4D92EAC22E0CC97A893078B41638ECBD2CBAE094A53EB5D620B17B50CA66E6C083AB188E41C6E4CD93E3EF24350AE09A35FBED1B248F3D31FD5618CBC30BDBD84440D9AFBCAB826068596A74DC568389CBB13D67C04BE6657EFEB2D193371ED57791C835B9E3EB2B99659DD8541284E1BD19F4C55A20E0E46D4AF1CCCAEF30D447D01E67E6AF41A45375061CB8A317FDA44AAEF2303EA82B6DC17878CDD0292EFEE931348C876B79587CC6E16437BB617C9D326A2D301800F692215F),
('P2', 'Bob Williams', '432-765-0981', 0x1E6E0C16911A6DC0ECCACA3F22DED79AE499CFA73DF0A9E1F948726F64C4A22DAF6A528E8BA36604D1393C76E6A3F7B43DB28B83548A59BE7960BB46F0DAC9C7FF754ED87C4C5309EEB02549A38358581DE1303B1139A9417B023943D738620DBC61119794EADA374515777ECC45DC696E044A940C76928596BFBFF5336A6246B5BAB5AB5848E2AC9AFF60EB0FAA8866E68B26D48D9D0EB61EFE7DD1E91D074333995AE659E1EE3BC9DCC742448E848A12347A10BDE343832D34EF522BD029573B913CD15F553E29BAC03B8A3CB5EF66C29B4E10F80B72F1B3E4EC62330C5FC6C02BDF6DFA935EA4F082938C311B1226F6F0478576C9776643AF9F2E7E2A7CA0),
('P3', 'Carol Taylor', '543-876-1092', 0x82E97D2AE395E3D44F5B5B6BC43FCB4C6E39461516884056CC1AAD37ACD4B07420341AF5436D6E5A08A1874A02849AB439C89967FEF9D72BF7D1A939DC18B3A449EA6337313B2D255DDB037657E0C229E5E0ACC1D6B40BAA440CB6450504259B8903E6A226A0417498F398E106486642C43153EFC1B3A4E6EA8975E88B3684FED8EE0F7CAD52F4BFEAA124FF5D7A14D2C15162F965A695DE3F2C5EAB3D1C9CCE709EAD8BD81305E8B5EC94FE10D2CAABAD1E95A83722D1D542855F289F912E9FE0543286FEF5C1A5BF6AAE3F2C4BD0FC2F9C5A644A407B3AC4E8AC35B8D84D85BFB8603C897AE5FA5641A9E4103D9413FE5F4D01B2BC5A7F0EA661E5CABE7D3D),
('P4', 'David Harris', '654-987-2103', 0xC6BE0E950786C976689BDD8459F2002E770224E8EECF42B7BFA940AE84028669D0B72C87E915DF22DEF9F29DB03742171F53B5FCF46E9B82C843CFE876C14B39BAC1818051EA3C2F051F368973061C1C224DD9A03F22F5101E90941D9EE49D093C704239178A502F7BBC91F9477237B33149390E3E8C12283FAE761F80D6B8A32B696BB3BC9892D9CF607FC2F7C086F91FB2C037FA0723771FA14E8CACA0892A9185D63ED35820A08106A98F5DA2BDC1DC5FDF69DFC62296E098E578857353A36FECE0070391CA7A396319A2C1ED39BF6C57C936C685752D466B57922660B0303C8BF81718C80FE9307BFAD606A289C50352304BF25FF17D4C02B6D93BBBE67E),
('P5', 'Eva Clark', '765-098-3214', 0xC5CF3BDDADCFB521BDEB5EAFC98A25ECC192BFDD884F997DA5C3BB2637390BB7D98880663200DCD3D210E53AF4EC8BC104A20C28BD089B98F87D02182CEFF8BF4B6F387A43FC7EB5EECB7F1C8BE845B4256B35F86462DCB211FEBC3E8CC0F09B8D0646EB3E7582B734410953A630AAFFF8081B298783B44C6257BF37113504AE9CFBAD51C8DE29E1FF41CCA51E5C1D74DE272A53EE90107DE83C52BADDDB83D38E3C456296DB9E4AD0A12450008134DD758F20EBECBF983BC940688B40A297F2A1AA0B5638BA725DAA1A616208F5CC9BD670FB4181AD2A09902F032B7EBAD1234B28212040F515C66426C917EEC6F9DA75BFED3CF4925ED73716F3DF53372493),
('P6', 'Frank Rodriguez', '876-109-4325', 0x95CE71F1EFB71A03D6F32D4B6B929B46F778A231273471421F386F90E153082398C03BDABD1380A44E1EC6CC894531A2BC2FFD0340EDB90E69B6C2BFF01D7CB3FB4AEA151FC925FD7C5579D80661432F590AE37B0EEE1EC414D95FCD94DBAEFE1A9725D1FD9F5074038D66A6868849185AE67B0289EF202EDF7DFD22835E4AA9E0C60EFE2E87A22075A158CA6ADA3B5A3910A433DE858EB2F0634BB8BC8B186385AFE04291247BC239D5851BA985D977BE22302C149003A0FA641336BB54132881BC62D2FD50FB961953BA1CD24F61D491F8A6BFC37DB3ED214ED92A5070E30516F25CB49D1A01557990DB7FEC7A6DC9A2227F0307F6F2ACEA87565468231600),
('P7', 'Grace Lewis', '987-210-5436', 0x79DBBB672B87AC8516CE45EBE8A4FA38851CCC2DEB1F8138D29D4CD72B8087E2D49BD3938654EE74414930DEB4CE5E6663DC3772EA9E5475101A05B475A35CF4E87CA464ECEF90BD3720E18FF1F9D204A5A34B167FFCFC372AA77B51115B8CD8BFC450737D86E0A548A2BED61E0A2E940D2605555E1673C168648698DA52F52CF15E798513FB81A70FBC9A2A39C9B9172693AFBCDF193013AF8FE1F1647971AECDF1680113FFE098C08F6EF9DDBA304DA7511713DF2A693DBBDD5215A7A714D4460C9387C373EB43A50690B9C5FDCA05F22CC7F229DF1FFC4EFDD1AC6B4BC11569B515C98629D3E47A1CED88BB79AED07AE18FAB20CF3C418CA9DEE6B9354340),
('P8', 'Henry Walker', '098-321-6547', 0x1C7B6710ED1CBF5C010507DB9E14EDC07FDC5EB4FB33F57617056FE2B4CD32F35D01631B563E9F0CD03EDB1CED23061E98CE90AFF7C72E01222D0DAB6A92483E6212E88A21BCA10722C2FF7C834B556E1F7D956A22A1311AB013A3A1EE25BE14F3080E383C1EF1B7CE0C9F13CD3F8AC88E12EDA7209B682A795F5683E495EF4ABC0AE0DA1A6529D33BFCD591D15217904CC8D11B4C01BEA47BD14A48F4252D417ED36089908F414E7317014C514A0BE6D1E6AE213C9C9BB1C69B8C557F7BE8635DB2CCB7D26E8969ECE1A40C09DECD4A332DD8D1D4952FED55C6757E1A2A87104908CC39B593A66476C0A6BC8604F916418A7DD74B85C67BF9BE2F50D62E0CB6);


INSERT INTO Diagnosis (PatientID, DoctorID, DiagnosisDate, Diagnosis) VALUES
('P1', 'D1', '2023-01-01 09:00:00', 'Flu'),
('P2', 'D2', '2023-01-02 10:00:00', 'Common Cold'),
('P3', 'D3', '2023-01-03 11:00:00', 'Bronchitis'),
('P4', 'D4', '2023-01-04 12:00:00', 'Asthma'),
('P5', 'D5', '2023-01-05 13:00:00', 'Diabetes'),
('P6', 'D6', '2023-01-06 14:00:00', 'Hypertension'),
('P7', 'D7', '2023-01-07 15:00:00', 'Allergies'),
('P8', 'D8', '2023-01-08 16:00:00', 'Arthritis');
